{"cameraMode":{"drawMode":0,"name":"Shaded","section":"Shading Mode"},"sceneLighting":false,"audioPlay":false,"sceneViewState":{"m_AlwaysRefresh":false,"showFog":true,"showSkybox":false,"showFlares":true,"showImageEffects":true,"showParticleSystems":true,"showVisualEffectGraphs":true,"m_FxEnabled":true},"in2DMode":false,"pivot":{"x":-2.081165313720703,"y":2.9785118103027345,"z":-1.7197961807250977},"rotation":{"x":-0.057177357375621799,"y":-0.06108449026942253,"z":0.0034592521842569114,"w":-0.9965232610702515},"size":6.696415424346924,"orthographic":false}