{"cameraMode":{"drawMode":0,"name":"Shaded","section":"Shading Mode"},"sceneLighting":false,"audioPlay":false,"sceneViewState":{"m_AlwaysRefresh":false,"showFog":true,"showSkybox":false,"showFlares":true,"showImageEffects":true,"showParticleSystems":true,"showVisualEffectGraphs":true,"m_FxEnabled":true},"in2DMode":false,"pivot":{"x":2.6184167861938478,"y":0.8565340042114258,"z":0.18907928466796876},"rotation":{"x":-0.2697533965110779,"y":-0.03438403084874153,"z":0.009652988985180855,"w":-0.9622865915298462},"size":12.219294548034668,"orthographic":false}