{"cameraMode":{"drawMode":0,"name":"Shaded","section":"Shading Mode"},"sceneLighting":false,"audioPlay":false,"sceneViewState":{"m_AlwaysRefresh":false,"showFog":true,"showSkybox":false,"showFlares":true,"showImageEffects":true,"showParticleSystems":true,"showVisualEffectGraphs":true,"m_FxEnabled":true},"in2DMode":false,"pivot":{"x":0.5135362148284912,"y":3.1879982948303224,"z":21.248531341552736},"rotation":{"x":0.03867993876338005,"y":0.000278933352092281,"z":0.000025361143343616277,"w":-0.9992715716362},"size":17.341876983642579,"orthographic":false}